Job Title,Company,Location,Salary,Date Posted,Todays Date,Summary,URL
.NET Full Stack Web Developer - Telecommute,Optum,"Remote in San Diego, CA 92102",Not Listed,PostedPosted 30+ days ago,2022-07-26,"This position is primarily self-driven with team code reviews, project integration, and business goals that involve larger groups of developers.",https://www.indeed.com/rc/clk?jk=e35804282b64f084&fccid=3c38342724c75954&vjs=3
Python Full Stack Developer,IBM,"San Diego, CA 92101",Estimated $114K - $145K a year,PostedPosted 14 days ago,2022-07-26,Looking for resource to have some reference architecture in mind and be able make recommendations on specific future stack.,https://www.indeed.com/rc/clk?jk=6167048244ef6ffd&fccid=de71a49b535e21cb&vjs=3
Staff Software Engineer (Full Stack) Remote - Job Seeker - Job Search FE Experience,Indeed,"Remote in San Diego, CA+1 location",Not Listed,PostedPosted 30+ days ago,2022-07-26,"Experience with full-stack application development using Java and Javascript; experience in React a plus.
This team is responsible for creating a world class…",https://www.indeed.com/pagead/clk?mo=r&ad=-6NYlbfkN0CiRNM7CVr8YueLFKlzwbFWI0o7IjV438l4sVrvKZ0flpURU_mqoI8E-VxPfg2eTCEFtb7kWok64ZHw3sCXHVMzyOdQIu3cMZqD24HQwB1EAMZypvjO7QN9xZwB3GH2sWNymOPlOgtZyGxuy6PKz4-Mh6cZ2z3LIw_NKpznp5Rwgv_uc38KFSs_ISD1_0Id9gMZZDfsfQttomYkErUVO_g2C3hn3sciSV4vmRZSrr7Bl1evs_ae3LBuH5ccZKBfVMbZ_2VjZrpOr6fmIUb0AHG3CueIxoeFiPZHNG-DloAruIXjsontHr4sdpaYzOTwbpAyooDDdD2E_W5Bp4pmSoHGbN6ii5tQYNQbHGjbTuXT5X6xxjcNNM6FzmLhIKEcNa7Yt2mXzTvqr-CMKwdJhstQuGmU4lODW6GtabxAPwhhrUiyafxtk1uR64zjKraKMDZ1mjo4syYw1JRCE8yInqDYSvzR-1_Ee3VU617h4fPwPCdPw1gpRTSzNUx3Tn2bybK1dKfWsCuUcyPTlB1dN8w6N1JQb7gavTK2ZkuFrqe-Z0y5zRPYyz0dKYrKlCSj-_3VZleGXxsNWQ==&xkcb=SoAR-_M3bepz8HAdPj0KbzkdCdPP&p=2&fvj=0&vjs=3
Full Stack Web Engineer,Apple,"San Diego, CA+5 locations",Not Listed,PostedPosted 1 day ago,2022-07-26,Apple's Data Analytics team is looking for an experienced and motivated full stack web developer to help build the future of our data analytics platform.,https://www.indeed.com/pagead/clk?mo=r&ad=-6NYlbfkN0BvKrLyj5gPmtZO9T8euul8TCxuuKNOtzRJOomxnwSEodTz2Bc-sPZlC5mDe-NOaJjjFKeRLciJQCgw-DsBoAqndTQDEN4KSVd-hferKnblUJIpbteiVLLWDYr62YB2A19el5rjgpj2SWS4AGwOZrxBoM27V6hztR8692l4DtafL0zjOkNxjzSC7jve23kMITldTzkR0UySGW-PUbwMwEQ03CsoQFTumkzWBhFBh3va6pnEflbCz8Z2GJZ0sp2Db_0DP45GAKZqXKy2dFbaYfha6A4njw1lbYM2lgQc1xaWQA9A_WxnDxE46Qc7YziaPQgkR6elXmCA5CcQJAS9kJHQdTRkyEaLHQpLUtVZj4VbiF9PEqFNawbpBfvMBWieOKoGnarN3_Qe3gZ37lcmqJRknhT0Z4vneIPraX7hxrmTWYK7-g28Afw_lIRmt63nGjE0-leyQ5gPiRDh_DkFKwdWk12N6Y8TFzq4g-7uipu-9SmDmVnQnELGNHQY9yKeeIow65RMWGE9Cf7fVwLSEg0WIEuVRg59eBcXR0jgoo1kMcflsZw7SAbaw0MfxFVHmReNqubSMbZEofhRfP1ZRCNjED5xK4IjVyGitY4C63ueRETXH8ywxY7XvtwnLPnlA5eqA0bdL4WGciVzRvQP0Rj-wQ4c9AIxxSFummua2Fkri_tdhfAQ1fILL470s1o7xPoJj3n3XITQFlurZ-m243cgO9HzdxOEyWU6mUIkiL4nCVcdhUIeZPunQbvvSmJ-DEPVGsuhks-2pq3Oh2vJXDYT2dL-yrd59F9Z5nOundkdkv8Ud4daygGhd72rr9oPyzH3SwmPBZnFiB3NbiDoQGxdNmWUsuK0wD96D9daUBiwgnOqD1kCJJ03GKZ1VgmFDS0lLgTDjMfE2L6pOXvQMRb8gHMo2a8_sXruxivwYSHluP_wSp7ka-xw99hXxSscxscVHMcx3VAH9m8LC0JXI7aDdXz7b2v6i_UxBNrNGnI0c7j2-qAQjY_AoshWZJE2Y9g=&xkcb=SoA4-_M3bepz8HAdPj0IbzkdCdPP&p=3&fvj=0&vjs=3
Full Stack Developer - REMOTE,Strategic Data Systems,"Remote in San Diego, CA",Not Listed,PostedPosted 4 days ago,2022-07-26,"The Full-Stack developer is responsible for working on both front-end and back-end development processes.
Naval Base Port Hueneme, CA 93043 _(Remote)_.",https://www.indeed.com/company/Strategic-Data-Systems/jobs/Full-Stack-Developer-8de344d68039b3d0?fccid=7195f9d9a703fd11&vjs=3
Full Stack Engineer,"Point Predictive, Inc.","San Diego, CA 92130 (Carmel Valley area)",Estimated $113K - $143K a year,EmployerActive 8 days ago,2022-07-26,"Ensuring the entire stack is designed and built for speed and scalability.
PointPredictive is a fast-growing technology start-up that leverages a patented…",https://www.indeed.com/pagead/clk?mo=r&ad=-6NYlbfkN0DOW4fCk9cc7jQzSIBX1_D010Ut2Hs8InqQbXL6yxOe-oaSo5MVJljlzbyo3VxALwFbhwxcAt-t-OYj7W-RCRCiJk84LsSjCGX6_ac1saLyP69vhm8C1p2-KyhJWaKX4vj-5FCS3QhTaf6-f56aqiN-d6c52I5vqIcfAqlFnQEjpDDZpyDxE5eK9RYcsrpRYzJomM9n9YHfNF1iHghxLg3gjPfC2Vw3Iye4e8ScTAYyJo_N2SskzJwCZG-1BOUgbirLtewOOky_52RJ4fgMpDe-HapW9R9oijfEO_ARu0SrZQmqA30R6deymjeT8RG-l9bwNrIrO64ffeiTS4k2GxRRIjwCB34du18leoM5SlqevTJ-cSM9ywkCFZLAvFgzOciChqtBvYVC_Ojk1aDb62yfIWIbOan5qeL9QLFcqfokpnkEswFO1BxqXu0sLQAW55qUaiVzVLVbQrXOUq_Jy0XejfkJmxp3znxJGoQrEvoqgAjwezTYTNzsv_vxPviscfgeGXIYivZ_-Q==&xkcb=SoBU-_M3bepz8HgdPj0KbzkdCdPP&p=5&fvj=1&vjs=3
Java Full Stack Developer- Full Time,"Simplex info systems Inc,","San Diego, CA",Estimated $105K - $133K a year,PostedPosted 8 days ago,2022-07-26,"The skills requirement is Full stack Java with API development, and some AWS knowledge and some Kubernetes knowledge.","https://www.indeed.com/company/Simplex-info-systems-Inc,/jobs/Java-Full-Stack-Developer-a4fec32cd497e66d?fccid=1047295f83c7d2ff&vjs=3"
Full Stack Engineer - Senior,Astreya,"San Diego, CA+2 locations",Estimated $107K - $135K a year,PostedPosted 6 days ago,2022-07-26,"The Software Engineer designs, develops, troubleshoots and debugs software programs for enhancements and new products.
Must be able to use a computer.",https://www.indeed.com/rc/clk?jk=6492d650327049a3&fccid=f7fcb231ff95ee5c&vjs=3
Front End / Full Stack Developer,General Dynamics Information Technology,"San Diego, CA",Estimated $98.5K - $125K a year,PostedJust posted,2022-07-26,"Development occurs using an Agile methodology with two-week sprints.
Development of GUI interfaces using NodeJS and Angular JS.",https://www.indeed.com/rc/clk?jk=067dc47833ab4624&fccid=11caadcdc98800d4&vjs=3
FULL STACK DEVELOPMENT OPPORTUNITY (FULL-TIME) – 100% Remote,Performance,"Remote in San Diego, CA 92121",Estimated $108K - $137K a year,PostedPosted 4 days ago,2022-07-26,The work involves the full complement of software life cycle development activities required to deploy high quality software that meets the requirements of our…,https://www.indeed.com/rc/clk?jk=48cdda2fcd21aa75&fccid=74033d9ad24cc449&vjs=3
Full Stack Developer NodeJS,"Kitu Systems, Inc.","Remote in San Diego, CA 92111",Estimated $83.3K - $105K a year,PostedPosted 30+ days ago,2022-07-26,"The ideal candidates are energetic – a must for this industry - highly motivated, proficient at transforming concepts into solid architecture and requirements,…",https://www.indeed.com/rc/clk?jk=cf3bafd41a878d8a&fccid=8a79d8707de8d2bd&vjs=3
Full Stack Web Developer | React | Node.js | MySQL,VisionWorks Engineering,"San Diego, CA 92128",Estimated $75.5K - $95.5K a year,PostedPosted 30+ days ago,2022-07-26,"Help lock down the technology stack from end to end.
We can start out with some flexibility (i.e. contract/part time), but are looking for someone that can come…",https://www.indeed.com/rc/clk?jk=6188548a1f2a286b&fccid=36a869cef2259571&vjs=3
"Software Developer, Junior",Booz Allen Hamilton,"San Diego, CA 92108 (Mission Valley East area)+1 location",Not Listed,PostedPosted 30+ days ago,2022-07-26,We’re looking for a developer with the skills needed to build mission-critical software from vision to production-ready systems.,https://www.indeed.com/rc/clk?jk=ee1ea639631fc967&fccid=4e041af1d0af1bc8&vjs=3
Senior Full Stack Developer - Messaging,Logic20/20 Inc.,"San Diego, CA+1 location",Not Listed,PostedPosted 26 days ago,2022-07-26,You’ll work with solution architects and developers to translate wireframes and creative designs into functional requirements and then into technical design.,https://www.indeed.com/rc/clk?jk=467f489896fe52a8&fccid=2e9e942085461a66&vjs=3
Full Stack Software Engineer,PlayStation Global,"San Diego, CA",Estimated $113K - $143K a year,PostedPosted 30+ days ago,2022-07-26,"PlayStation is looking for a Software Engineer to build systems which enable our business to craft incredible experiences on web, mobile, PlayStation®4 and…",https://www.indeed.com/rc/clk?jk=154476786a285dbc&fccid=ad3f1759d3ff042b&vjs=3
Full Stack Engineer (Junior),Sangoma,"San Diego, CA 92108+1 location",Estimated $70.8K - $89.6K a year,PostedPosted 30+ days ago,2022-07-26,"As a FullStack Engineer, you will be responsible for implementing real-time and highly scalable and distributed software for our Call Center As A Service (CCAAS…",https://www.indeed.com/rc/clk?jk=0a70e5fe9b1fd4df&fccid=c0a010ac2099b9fc&vjs=3
Full Stack Web Developer,TRC,"San Diego, CA 92110",Estimated $103K - $130K a year,PostedPosted 30+ days ago,2022-07-26,"Work as a full stack web developer in a variety of technologies, methods, platforms, and practices.
C#.Net – Full-stack development experience, using:",https://www.indeed.com/rc/clk?jk=3cf3c39516ad068a&fccid=68cfe21d4d32a19c&vjs=3
Software Engineer - Back-End Development,Helix,"Remote in San Diego, CA 92113",Estimated $133K - $168K a year,PostedPosted 30+ days ago,2022-07-26,"Familiarity with full-stack development, including experience with React.
We support all aspects of population genomics from recruitment to translational…",https://www.indeed.com/rc/clk?jk=f1d560e7a4742926&fccid=f4656ea61815b8d4&vjs=3
FULL STACK DEVELOPMENT OPPORTUNITY (FULL-TIME) – 100% Remote,Performance,"Remote in San Diego, CA 92121",Estimated $108K - $137K a year,PostedPosted 4 days ago,2022-07-26,The work involves the full complement of software life cycle development activities required to deploy high quality software that meets the requirements of our…,https://www.indeed.com/rc/clk?jk=48cdda2fcd21aa75&fccid=74033d9ad24cc449&vjs=3
Full Stack Developer,AIcadium,"San Diego, CA",Estimated $95K - $120K a year,PostedPosted 30+ days ago,2022-07-26,"This person is responsible for the end-to-end planning, building, and deploying of our software systems.
This person must be able to drive the programming of…",https://www.indeed.com/rc/clk?jk=8bc9da3e58e8e972&fccid=be792793a15e9bf4&vjs=3
Full Stack Software Developer,EDF Renewables,"San Diego, CA 92128",Estimated $94.6K - $120K a year,PostedPosted 30+ days ago,2022-07-26,"As a full stack developer, you should be comfortable around both front-end and back-end coding languages, development frameworks and third-party libraries.",https://www.indeed.com/rc/clk?jk=977f7e589b834c0c&fccid=0103fd28b454bd4a&vjs=3
Full Stack Python (Django) Developer,Skilljar,"Remote in San Diego, CA",Estimated $101K - $128K a year,PostedPosted 29 days ago,2022-07-26,"Contribute to the design and development of new products and services across the development stack.
Knowledgeable on best practices for the full software…",https://www.indeed.com/rc/clk?jk=9f5b976a1e1ceb53&fccid=ea681813daef8787&vjs=3
Full Stack Software Engineer,PlayStation Global,"San Diego, CA",Estimated $113K - $143K a year,PostedPosted 30+ days ago,2022-07-26,"PlayStation is looking for a Software Engineer to build systems which enable our business to craft incredible experiences on web, mobile, PlayStation®4 and…",https://www.indeed.com/rc/clk?jk=154476786a285dbc&fccid=ad3f1759d3ff042b&vjs=3
"Software Developer, Junior",Booz Allen Hamilton,"San Diego, CA 92108 (Mission Valley East area)+1 location",Not Listed,PostedPosted 30+ days ago,2022-07-26,We’re looking for a developer with the skills needed to build mission-critical software from vision to production-ready systems.,https://www.indeed.com/rc/clk?jk=ee1ea639631fc967&fccid=4e041af1d0af1bc8&vjs=3
Remote Full Stack Java Developer 1-2,Mitchell International,"Remote in San Diego, CA 92122",Estimated $108K - $137K a year,PostedPosted 30+ days ago,2022-07-26,"This is a dynamic software engineering opportunity where you will be focused on developing, designing, and testing complex web based applications.",https://www.indeed.com/rc/clk?jk=70581ebc9373028b&fccid=2431bcc75b874651&vjs=3
Experienced Full Stack Software Engineer,HP,"San Diego, CA 92127 (Rancho Bernardo area)",Estimated $112K - $142K a year,PostedPosted 30+ days ago,2022-07-26,"Using agile methodologies combined with paired programming, you will be working with the most cutting edge and web technologies such as React, Ruby on Rails,…",https://www.indeed.com/rc/clk?jk=ec0c884001cb6ef0&fccid=c8eabfdb4fcf2d28&vjs=3
Staff Full Stack Engineer,Recruiting From Scratch,"Remote in San Diego, CA+8 locations",Not Listed,PostedPosted 30+ days ago,2022-07-26,"They are an experienced enterprise team with members that have been part of the early engineering function at SaaS companies, like Box and Mixpanel.",https://www.indeed.com/rc/clk?jk=5974db95d02aadf6&fccid=09e02654c2f26bbd&vjs=3
Mid / Sr. Java Full Stack Developer - 22-023666600,"Evergreen Technologies, LLC.","San Diego, CA",Estimated $109K - $139K a year,PostedPosted 13 days ago,2022-07-26,"The primary projects include developing a colony management system, Clinical Data Repository (CDR), Electronic Health Record (EHR), and research data management…",https://www.indeed.com/rc/clk?jk=0ac82bdf451ddb00&fccid=506bdb7ba382e227&vjs=3
Full Stack Developer,Cali Style Technologies,"San Diego, CA",Estimated $96.6K - $122K a year,PostedPosted 30+ days ago,2022-07-26,Cali Style is seeking an experienced Full Stack Developer that has the ability to transform beautiful UI designs into working applications.,https://www.indeed.com/rc/clk?jk=a64bf7617924c3d2&fccid=7ce8e1c3557936e6&vjs=3
Senior Full Stack Developer - Messaging,Logic20/20 Inc.,"San Diego, CA+1 location",Not Listed,PostedPosted 26 days ago,2022-07-26,You’ll work with solution architects and developers to translate wireframes and creative designs into functional requirements and then into technical design.,https://www.indeed.com/rc/clk?jk=467f489896fe52a8&fccid=2e9e942085461a66&vjs=3
Staff Full Stack Engineer,Recruiting From Scratch,"Remote in San Diego, CA+8 locations",Not Listed,PostedPosted 30+ days ago,2022-07-26,"They are an experienced enterprise team with members that have been part of the early engineering function at SaaS companies, like Box and Mixpanel.",https://www.indeed.com/rc/clk?jk=5974db95d02aadf6&fccid=09e02654c2f26bbd&vjs=3
Senior Full Stack Developer - Messaging,Logic20/20 Inc.,"San Diego, CA+1 location",Not Listed,PostedPosted 26 days ago,2022-07-26,You’ll work with solution architects and developers to translate wireframes and creative designs into functional requirements and then into technical design.,https://www.indeed.com/rc/clk?jk=467f489896fe52a8&fccid=2e9e942085461a66&vjs=3
Mid / Sr. Java Full Stack Developer - 22-023666600,"Evergreen Technologies, LLC.","San Diego, CA",Estimated $109K - $139K a year,PostedPosted 13 days ago,2022-07-26,"The primary projects include developing a colony management system, Clinical Data Repository (CDR), Electronic Health Record (EHR), and research data management…",https://www.indeed.com/rc/clk?jk=0ac82bdf451ddb00&fccid=506bdb7ba382e227&vjs=3
Full Stack Developer,Cali Style Technologies,"San Diego, CA",Estimated $96.6K - $122K a year,PostedPosted 30+ days ago,2022-07-26,Cali Style is seeking an experienced Full Stack Developer that has the ability to transform beautiful UI designs into working applications.,https://www.indeed.com/rc/clk?jk=a64bf7617924c3d2&fccid=7ce8e1c3557936e6&vjs=3
Sr. Full Stack Java Developer( Day 1 Onsite),Purple Drive Technologies,"San Diego, CA",Not Listed,PostedPosted 5 days ago,2022-07-26,"The skills requirement is Full stack Java with API development, and some AWS knowledge and some Kubernetes knowledge.",https://www.indeed.com/company/Purple-Drive-Technologies/jobs/Senior-Full-Stack-Java-Developer-6f199a6900862685?fccid=b50885016c495d25&vjs=3
Software Engineer,"Kyocera International, Inc.","San Diego, CA 92123",Estimated $92K - $117K a year,PostedPosted 30+ days ago,2022-07-26,"Preferred experience includes working on complex software systems and/or modern full-stack development frameworks.
Competitive Pay, depending on experience.",https://www.indeed.com/rc/clk?jk=8276b4ec04d1b539&fccid=62ab79d66c98c437&vjs=3
"Full Stack Developer, Mid",Booz Allen Hamilton,"San Diego, CA 92108 (Mission Valley East area)+1 location",Not Listed,PostedPosted 30+ days ago,2022-07-26,"We’re looking for a developer with the skills needed to build software from vision to production-ready system.
Experience with database design and development.",https://www.indeed.com/rc/clk?jk=487e4358ddaefeb3&fccid=4e041af1d0af1bc8&vjs=3
Full Stack Developer,"ReverseVision, Inc.","San Diego, CA",Estimated $98.3K - $124K a year,PostedPosted 30+ days ago,2022-07-26,"The FullStack Developer is a member of an Agile team responsible for the requirementsexecution including design, construction, integration, and maintenance of…",https://www.indeed.com/rc/clk?jk=1e0f86019a8165bf&fccid=0c37cb2f227a506b&vjs=3
Entry-Level Developer (Java Fullstack with Angular and AWS),Quintrix Solutions,"San Diego, CA 92101 (Core-Columbia area)",Not Listed,EmployerActive 8 days ago,2022-07-26,"Quintrix is looking for people eager to upskill into the competitive field of Java Full Stack Engineering.
Java Engineers are in high demand, so we are looking…",https://www.indeed.com/company/Quintrix/jobs/Entry-Level-Developer-99cb021f412ac0d7?fccid=448c6a409de61c4a&vjs=3
"Senior Software Engineer - Full Stack, Developer tools",TuSimple,"Remote in San Diego, CA",Estimated $148K - $188K a year,PostedPosted 30+ days ago,2022-07-26,"Experience with developing and maintaining large scale full stack microservices.
Develop full stack microservices running on Kubernetes cluster that enables…",https://www.indeed.com/rc/clk?jk=1af8cd85014a1278&fccid=fea34c44eddebdae&vjs=3
Federal - Full Stack Developer,Accenture,"San Diego, CA+6 locations",Not Listed,PostedPosted 30+ days ago,2022-07-26,"Experience with MEAN/DEAN (Mongo/Dynamo, Express, Angular, Node) stack.
Configure software products and systems to deploy code.",https://www.indeed.com/rc/clk?jk=b03b737bc4f5c4b3&fccid=a4e4e2eaf26690c9&vjs=3
Full Stack Software Engineer,Pack Digital,"San Diego, CA",Estimated $109K - $138K a year,PostedPosted 30+ days ago,2022-07-26,"Passion for technology and tools that enable better developer productivity.
Strong sense of empathy for developers and obstacles that block them from developing…",https://www.indeed.com/rc/clk?jk=d85cdee6a52c0f99&fccid=ec6eb4a45db2771e&vjs=3
Full Stack Web Developer | React | Node.js | MySQL,VisionWorks Engineering,"San Diego, CA 92128",Estimated $75.5K - $95.5K a year,PostedPosted 30+ days ago,2022-07-26,"Help lock down the technology stack from end to end.
We can start out with some flexibility (i.e. contract/part time), but are looking for someone that can come…",https://www.indeed.com/rc/clk?jk=6188548a1f2a286b&fccid=36a869cef2259571&vjs=3
Node / TypeScript Full Stack Engineer,AmeriSave,"San Diego, CA",Not Listed,PostedPosted 30+ days ago,2022-07-26,"Sign on bonus for this role is only applicable to full time employees who sign their offer by 8/31/22.
$10,000 Sign On Bonus *.",https://www.indeed.com/rc/clk?jk=6940aa1bd717f24d&fccid=432806e8384f9538&vjs=3
Full stack web tools Developer,Qcom,"San Diego, CA 92154 (Otay Mesa area)+2 locations",Estimated $99.3K - $126K a year,PostedPosted 30+ days ago,2022-07-26,"Qualcomm Tools team is looking for an experienced full-time SW engineer to develop cutting edge web based tools.
Cloud development experience (AWS, Azure).",https://www.indeed.com/rc/clk?jk=60746c252d36be8a&fccid=3b2efd9b73849383&vjs=3
Senior Engineer (full-stack node.js/React),Freedom Financial Network,"Remote in San Diego, CA 92135+1 location",Estimated $143K - $181K a year,PostedPosted 20 days ago,2022-07-26,"Proficient in building full-stack applications on node.js, React, AWS/Google Cloud.
Building new experiences to attract, educate, and retain Freedom Financial…",https://www.indeed.com/rc/clk?jk=c905abc6e4385e90&fccid=6147e1b77fcf388f&vjs=3
Full Stack Developer (REACTjs),KeyBank,"San Diego, CA 92128 (Sabre Springs area)",Estimated $104K - $132K a year,PostedPosted 26 days ago,2022-07-26,"Microservices in Kubernetes, with namespaces per developer and a robust CI/CD to automatically create individual environments.
You will lead by example.",https://www.indeed.com/rc/clk?jk=30d7f34823a9e459&fccid=23db8b01ff3384c2&vjs=3
Software Engineer – Full Stack,EMPIRICO,"San Diego, CA 92130 (Carmel Valley area)",Estimated $117K - $148K a year,PostedPosted 30+ days ago,2022-07-26,"Identify and solve problems across our entire technology stack.
Collaborate with a team of scientists and engineers to design, implement, and enhance…",https://www.indeed.com/rc/clk?jk=5e27c1d1f53123cf&fccid=f616106d96b83ffa&vjs=3
Full Stack Software Engineer,"Tandem Diabetes Care, Inc.","Remote in San Diego, CA 92121",Estimated $116K - $147K a year,PostedPosted 7 days ago,2022-07-26,A member of Sugarmate’s product development team responsible for maintaining Sugarmate’s existing frontend and backend web codebase and designing and developing…,https://www.indeed.com/rc/clk?jk=f6f275ada1ff27a6&fccid=90b07f1fecfcc175&vjs=3
(Senior) Software Engineer - Mobile,Stack Sports,"Remote in San Diego, CA",Estimated $142K - $180K a year,PostedPosted 6 days ago,2022-07-26,"Experience with full stack development (not required, but helpful).
Experience with full software development life cycle.
Degree in CS or engineering preferred.",https://www.indeed.com/rc/clk?jk=503526520f45f280&fccid=72ae58e4c3ebb6eb&vjs=3
Full Stack Developer,Lively Root,"San Diego, CA",Not Listed,PostedPosted 30+ days ago,2022-07-26,"You’ll be part of a cross-functional team that’s responsible for the full software development life cycle, from conception to deployment.",https://www.indeed.com/rc/clk?jk=c05641a491778b28&fccid=55f3c7a4b5614146&vjs=3
Staff Software Engineer – Full Stack Developer,ServiceNow,"San Diego, CA 92121 (University City area)",Estimated $143K - $181K a year,PostedPosted 14 days ago,2022-07-26,"Full stack development capabilities and ability to collaborate with on-shore and off-shore engineers.
Build high-quality, clean, scalable and reusable code by…",https://www.indeed.com/rc/clk?jk=2a302b777106b9d7&fccid=7442885bc0fa7c14&vjs=3
Full Stack Engineer,RetailOps,"San Diego, CA",Estimated $102K - $129K a year,PostedPosted 30+ days ago,2022-07-26,"Build reusable code and libraries for future use.
Ensure the technical feasibility of UI/UX designs.
Optimize application for maximum speed and scalability.",https://www.indeed.com/rc/clk?jk=a948b75e0bba2b48&fccid=6b5df1913fdc50a9&vjs=3
Full Stack Liferay Developer,SAIC,"San Diego, CA 92121+2 locations",Not Listed,PostedPosted 10 days ago,2022-07-26,"Must be able to obtain a full Secret Clearance; Interim Secret required prior to start, SAIC will help to obtain.
Minimum Clearance Required: Interim Secret.",https://www.indeed.com/rc/clk?jk=9ce6d7f987b20e33&fccid=f3b836e645f9b36d&vjs=3
"Front End Full Stack Developer, Software Engineering",Genalyte,"San Diego, CA 92130",Estimated $121K - $153K a year,PostedPosted 30+ days ago,2022-07-26,"You will do this by generating high quality, testable and documented code.
You will be expected to help identify and prioritize tasks and resources, and coach…",https://www.indeed.com/rc/clk?jk=2a016ef47fa14993&fccid=51d3ab465a17527d&vjs=3
NET Software Engineer,Forward Slope Inc.,"Remote in San Diego, CA 92108",Estimated $104K - $132K a year,PostedPosted 30+ days ago,2022-07-26,"8+ years of demonstrated full-stack software development experience with:
NET software engineer to provide software development and sustainment services for a…",https://www.indeed.com/rc/clk?jk=9daec418dad7224c&fccid=be45ae6366b01674&vjs=3
Full Stack Software Engineer,4Insite,"San Diego, CA",Estimated $111K - $140K a year,PostedPosted 30+ days ago,2022-07-26,"Those tools help facilities teams and service providers manage scope, coverage & quality while increasing overall communication and delivering job-specific…",https://www.indeed.com/rc/clk?jk=e07d9da933359177&fccid=06361cd62033f26a&vjs=3
Software Engineer II - Full Stack (Engagement),Classy,"Remote in San Diego, CA",Estimated $57.2K - $72.4K a year,PostedPosted 10 days ago,2022-07-26,"3+ years of professional software development experience with server-side, web-based technologies (full-stack preferred).",https://www.indeed.com/company/Classy/jobs/Software-Engineer-45b9943c7e2e050c?fccid=b5eb441990b44e2d&vjs=3
Sr Full Stack Engineer,XIFIN,"San Diego, CA 92130",Estimated $117K - $148K a year,PostedPosted 30+ days ago,2022-07-26,XIFIN is a San-Diego based SaaS company that leverages diagnostic information to improve the quality and economics of healthcare.,https://www.indeed.com/rc/clk?jk=e39054a414ffbdb5&fccid=e082b4b3745a2f6e&vjs=3
Full Stack Web Developer,SiO Digital,"San Diego, CA",Estimated $69.8K - $88.4K a year,PostedPosted 30+ days ago,2022-07-26,"Support operations team with day-to-day requests related to website functionality, user experience and performance.
Write clean, efficient, well-commented code.",https://www.indeed.com/rc/clk?jk=5c13ba6bd7c0450f&fccid=eadf4bd37a227a4f&vjs=3
Full Stack Engineer,"ICW Group Holdings, Inc","San Diego, CA 92128",Estimated $93.1K - $118K a year,PostedPosted 30+ days ago,2022-07-26,"Interfaces with clients, fellow developers, and other departments to develop full platforms that enhance user experience and functionality.",https://www.indeed.com/rc/clk?jk=b44cf10b619bab8c&fccid=dd616958bd9ddc12&vjs=3
"On-site Seal Beach, California - Senior Software (Full-Stack Java) Developer",Elyon International,"San Diego, CA 92121",Estimated $105K - $133K a year,PostedPosted 30+ days ago,2022-07-26,"Please note this position is full-time and requires the individual to work on-site in Seal Beach, California.
Gather, analyze, and document change requirements.",https://www.indeed.com/rc/clk?jk=3a2440bd10f6f8df&fccid=3dad6425c6ba0c98&vjs=3
Staff Full Stack Engineer,Recruiting From Scratch,"Remote in San Diego, CA+8 locations",Not Listed,PostedPosted 30+ days ago,2022-07-26,"They are an experienced enterprise team with members that have been part of the early engineering function at SaaS companies, like Box and Mixpanel.",https://www.indeed.com/rc/clk?jk=5974db95d02aadf6&fccid=09e02654c2f26bbd&vjs=3
Topcoder Software Developer/Full Stack,Wipro Limited,"San Diego, CA",Estimated $118K - $149K a year,PostedPosted 12 days ago,2022-07-26,"Globe with customers who have tough problems to solve.
Topcoder offers competitive programming, coding competitions, and freelance gigs,.",https://www.indeed.com/rc/clk?jk=6ae0f6ad57ed4659&fccid=8d25321c1defe73f&vjs=3
Full Stack Developer,Lively Root,"San Diego, CA",Not Listed,PostedPosted 30+ days ago,2022-07-26,"You’ll be part of a cross-functional team that’s responsible for the full software development life cycle, from conception to deployment.",https://www.indeed.com/rc/clk?jk=c05641a491778b28&fccid=55f3c7a4b5614146&vjs=3
NET Software Engineer,Forward Slope Inc.,"Remote in San Diego, CA 92108",Estimated $104K - $132K a year,PostedPosted 30+ days ago,2022-07-26,"8+ years of demonstrated full-stack software development experience with:
NET software engineer to provide software development and sustainment services for a…",https://www.indeed.com/rc/clk?jk=9daec418dad7224c&fccid=be45ae6366b01674&vjs=3
Full Stack Engineer,RetailOps,"San Diego, CA",Estimated $102K - $129K a year,PostedPosted 30+ days ago,2022-07-26,"Build reusable code and libraries for future use.
Ensure the technical feasibility of UI/UX designs.
Optimize application for maximum speed and scalability.",https://www.indeed.com/rc/clk?jk=a948b75e0bba2b48&fccid=6b5df1913fdc50a9&vjs=3
Software Engineer,"Ace Relocation Systems, Inc.","San Diego, CA 92121 (Sorrento Valley area)",Not Listed,PostedPosted 30+ days ago,2022-07-26,We are looking for a back-end or full-stack engineer to join a to deliver modern solutions based on business needs and opportunities.,https://www.indeed.com/rc/clk?jk=5e7a79d896944278&fccid=6cb6c232cb3e65ed&vjs=3
"Front End Full Stack Developer, Software Engineering",Genalyte,"San Diego, CA 92130",Estimated $121K - $153K a year,PostedPosted 30+ days ago,2022-07-26,"You will do this by generating high quality, testable and documented code.
You will be expected to help identify and prioritize tasks and resources, and coach…",https://www.indeed.com/rc/clk?jk=2a016ef47fa14993&fccid=51d3ab465a17527d&vjs=3
Senior Software Engineer (Full Stack),Measurabl,"Remote in San Diego, CA 92110",Not Listed,PostedPosted 7 days ago,2022-07-26,"Demonstrated ability to design and implement across the application stack.
At Measurabl, the Senior Software Engineer (Fully Remote) designs, executes, tests,…",https://www.indeed.com/rc/clk?jk=cbc5456aed8a4cdc&fccid=e4a5f7ab13b21bb2&vjs=3
Web Developer - Ruby on Rails Full Stack Developer,Ignite Human Capital,"San Diego, CA 92126",Estimated $97.9K - $124K a year,PostedPosted 30+ days ago,2022-07-26,"Minimum of three years of full stack coding experience, preferably in Rails.
Integrates user-facing elements developed by front-end developers with server side…",https://www.indeed.com/rc/clk?jk=c0304fd19f0ce245&fccid=91c11bf24f1b58e8&vjs=3
DevOps Engineer,Forward Slope Inc.,"San Diego, CA 92108 (Mission Valley East area)",Estimated $114K - $145K a year,PostedPosted 30+ days ago,2022-07-26,"This is a full-time position under our Enterprise Solutions portfolio.
Full-stack software development (i.e., Java, .
Flexible working hours based on job needs.",https://www.indeed.com/rc/clk?jk=70bd036719234601&fccid=be45ae6366b01674&vjs=3
Software Engineer II Backend (SupporterHub),Classy,"Remote in San Diego, CA",Estimated $103K - $130K a year,PostedPosted 8 days ago,2022-07-26,"Collaborate closely with other engineering teams to help identify their pain points, address tech debt and improve overall developer efficiency.",https://www.indeed.com/company/Classy/jobs/Software-Engineer-Backend-c42b69531593d761?fccid=b5eb441990b44e2d&vjs=3
FULL STACK DEVELOPMENT,Applications International,"San Diego, CA 92127 (Rancho Bernardo area)",Estimated $93K - $118K a year,PostedPosted 30+ days ago,2022-07-26,"AIC is looking for Full Stack Developers to join our Agile Software Development Team; working to develop internet applications, specifically: designing,…",https://www.indeed.com/rc/clk?jk=f95bb05231ea3fc8&fccid=b151a1ae201bee30&vjs=3
"Azure Developer/Software Engineer (On-Site San Diego, CA)",Elyon International,"San Diego, CA 92121",Estimated $124K - $157K a year,PostedPosted 5 days ago,2022-07-26,"Knowledge in Java full stack development.
Work on with the team in existing modernizing tools and processes.
Well versed with C# language.",https://www.indeed.com/rc/clk?jk=b2469965e6591daf&fccid=3dad6425c6ba0c98&vjs=3
Entry Level Software (Java) Developer,Quintrix,"San Diego, CA",Not Listed,Hiring ongoing,2022-07-26,"Quintrix is looking for people eager to upskill into the competitive field of Java Full Stack development.
We are looking to train the right people to be highly…",https://www.indeed.com/company/Quintrix/jobs/Entry-Level-Software-Developer-15a88e20ad97baf5?fccid=448c6a409de61c4a&vjs=3
Full Stack Engineer,"ICW Group Holdings, Inc","San Diego, CA 92128",Estimated $93.1K - $118K a year,PostedPosted 30+ days ago,2022-07-26,"Interfaces with clients, fellow developers, and other departments to develop full platforms that enhance user experience and functionality.",https://www.indeed.com/rc/clk?jk=b44cf10b619bab8c&fccid=dd616958bd9ddc12&vjs=3
Software Engineer III,"Midland Credit Management, Inc.","San Diego, CA",Not Listed,PostedPosted 30+ days ago,2022-07-26,"Full stack development and design; experience with middleware and API management.
This role will ensure the services provided by the Platform Engineering team…",https://www.indeed.com/rc/clk?jk=58f0c9fe6d7a1903&fccid=9ff926b033a6c08c&vjs=3
Web Developer - Ruby on Rails Full Stack Developer,Ignite Human Capital,"San Diego, CA 92126",Estimated $97.9K - $124K a year,PostedPosted 30+ days ago,2022-07-26,"Minimum of three years of full stack coding experience, preferably in Rails.
Integrates user-facing elements developed by front-end developers with server side…",https://www.indeed.com/rc/clk?jk=c0304fd19f0ce245&fccid=91c11bf24f1b58e8&vjs=3
Software Security Engineer,Intuit,"San Diego, CA 92129 (Torrey Highlands area)",Estimated $122K - $155K a year,PostedPosted 3 days ago,2022-07-26,"3+ years of hands-on full stack software engineering experience in a micro service architecture.
We are building Intuit’s active defense capability using Big…",https://www.indeed.com/rc/clk?jk=16c288237e908d75&fccid=9784ae78e9834539&vjs=3
Full Stack Software Engineer- Backend Emphasis: Trading Platform,SFOX,"Remote in San Diego, CA",Estimated $128K - $162K a year,PostedPosted 19 days ago,2022-07-26,"As a Full Stack Software Engineer on our Trading Platform team, you will work closely with the design and product team to build the interface responsible for…",https://www.indeed.com/rc/clk?jk=2d2b8c7da66d8dac&fccid=d73dc8b5826665fe&vjs=3
Full Stack .NET Developer,DecisionLogic,"San Diego, CA 92128",Not Listed,PostedPosted 20 days ago,2022-07-26,"4+ years of recent full-stack .
In addition to bringing their experience building in the Microsoft stack, this role will also require learning and implementing…",https://www.indeed.com/rc/clk?jk=64f080b323d9afcd&fccid=f507d4b2fa1904c4&vjs=3
Research Software Engineer,UC San Diego,"San Diego, CA 92093 (Torrey Pines area)",Not Listed,PostedPosted 30+ days ago,2022-07-26,The Research Software Engineer will act as a technical researcher with strong knowledge in the field of CyberInfrastructure encompassing full-stack development…,https://www.indeed.com/rc/clk?jk=55073385c455c13b&fccid=10b5a4abcc6bf067&vjs=3
Software Engineer,XIFIN,"San Diego, CA 92130",Estimated $99.1K - $125K a year,PostedPosted 30+ days ago,2022-07-26,"Experience with full stack development utilizing Java 11 or greater and front-end technologies like jQuery, React/Angular, HTML5, CSS3, Bootstrap.",https://www.indeed.com/rc/clk?jk=8985c9a26512adc0&fccid=e082b4b3745a2f6e&vjs=3
Sr. Software Engineer,Surgalign Spine Technologies Inc,"San Diego, CA 92121+1 location",Estimated $119K - $150K a year,PostedPosted 30+ days ago,2022-07-26,"This position must have in-depth knowledge of C#, .
NET Core, HTML5/CSS3, JavaScript, and Microsoft SQL Server.
In-depth knowledge of C#, .",https://www.indeed.com/rc/clk?jk=c1c5101dd739470e&fccid=a1cbef543dd3583e&vjs=3
Software Engineer (Back End or Fullstack),Apixio,"Hybrid remote in San Diego, CA+1 location",Estimated $106K - $134K a year,PostedPosted 30+ days ago,2022-07-26,"A love of writing code on a daily basis and atleast 2 years of work experience outside of academia.
Expertise in one or more object oriented programming…",https://www.indeed.com/rc/clk?jk=e051afb93e028d74&fccid=b77fdb62533b0958&vjs=3
Software Engineer,"Metron, Inc.","San Diego, CA 92106 (Midway District area)",Estimated $95.2K - $121K a year,PostedPosted 30+ days ago,2022-07-26,"Working knowledge of full stack software development.
Ability to take direction from and collaborate with senior developers, project managers, and clients.",https://www.indeed.com/rc/clk?jk=34cd4c5963e03635&fccid=3ac3dd7bd89e34c1&vjs=3
Full Stack .Net developer,NR Consulting LLC,"Temporarily Remote in San Diego, CA",Estimated $110K - $139K a year,PostedPosted 30+ days ago,2022-07-26,"Experience with Agile Development, C# .
NET MVC pattern and Web API services.
Experience with Entity Framework and JavaScript.",https://www.indeed.com/rc/clk?jk=6bc29262882eaea9&fccid=3800c35bb29ac508&vjs=3
Lead Software Engineer (Remote),Enigma,"Remote in San Diego, CA",Estimated $124K - $157K a year,PostedPosted 13 days ago,2022-07-26,"Define maintainable and readable standards in our codebase.
Manage our engineering kanban board and oversee our team's workload.",https://www.indeed.com/rc/clk?jk=01444b60d8c4e55a&fccid=70c6841399d154a5&vjs=3
FULL STACK DEVELOPMENT,Applications International,"San Diego, CA 92127 (Rancho Bernardo area)",Estimated $93K - $118K a year,PostedPosted 30+ days ago,2022-07-26,"AIC is looking for Full Stack Developers to join our Agile Software Development Team; working to develop internet applications, specifically: designing,…",https://www.indeed.com/rc/clk?jk=f95bb05231ea3fc8&fccid=b151a1ae201bee30&vjs=3
Digital Products - Manager- Fullstack Developer,PRICE WATERHOUSE COOPERS,"Remote in San Diego, CA 92121+2 locations",Estimated $137K - $173K a year,PostedPosted 4 days ago,2022-07-26,"Applying full stack development with comfort and familiarity of continuous integration tooling such as Docker, Jenkins/ Azure DevOps, Chef, and Puppet.",https://www.indeed.com/rc/clk?jk=bb2f2e0793b2a6a4&fccid=bc231debd1021588&vjs=3
Full Stack Application Developer,Stantec,"San Diego, CA 92123 (Serra Mesa area)+2 locations",Not Listed,PostedPosted 30+ days ago,2022-07-26,"The candidate will become a member of the Innovation Office, however, he or she will also be accessible to Stantec’s project teams to support project work as…",https://www.indeed.com/rc/clk?jk=7e833bb2bc036c08&fccid=f1582c464db8553b&vjs=3
Senior Engineer (full-stack node.js/React),Freedom Financial Network,"Remote in San Diego, CA 92135+1 location",Estimated $143K - $181K a year,PostedPosted 20 days ago,2022-07-26,"Proficient in building full-stack applications on node.js, React, AWS/Google Cloud.
Building new experiences to attract, educate, and retain Freedom Financial…",https://www.indeed.com/rc/clk?jk=c905abc6e4385e90&fccid=6147e1b77fcf388f&vjs=3
Software Engineer III,"Midland Credit Management, Inc.","San Diego, CA",Not Listed,PostedPosted 30+ days ago,2022-07-26,"Full stack development and design; experience with middleware and API management.
This role will ensure the services provided by the Platform Engineering team…",https://www.indeed.com/rc/clk?jk=58f0c9fe6d7a1903&fccid=9ff926b033a6c08c&vjs=3
Senior Full Stack Developer,STR,"San Diego, CA",Estimated $108K - $136K a year,PostedPosted 30+ days ago,2022-07-26,"Ensure entire stack is designed and built for speed and scalability.
Understand the limitations of our tech stacks and business model and provide technical…",https://www.indeed.com/rc/clk?jk=ae1af8ae25e8157e&fccid=20f003e0e8bccaec&vjs=3
Software Engineer,CSC (Corporation Service Company),"Remote in San Diego, CA 92108",Not Listed,PostedPosted 30+ days ago,2022-07-26,"Collaborate with and across agile teams to design, develop, test, implement, and support technical solutions in full-stack development tools and technologies.",https://www.indeed.com/rc/clk?jk=5cdf34ca92861ba4&fccid=d46b413c42e26024&vjs=3
"Senior Associate, Software Engineering Java Full Stack",KPMG,"San Diego, CA 92121 (Core-Columbia area)+1 location",Estimated $87.2K - $110K a year,PostedPosted 26 days ago,2022-07-26,"Participate in IT Java development efforts for various client projects.
Develop, create and document technical specifications and designs that satisfy…",https://www.indeed.com/rc/clk?jk=8fbcd5486c8bc739&fccid=2dd390c3a48a7ed0&vjs=3
Senior Software Development Engineer,Science Solutions LLC,"San Diego, CA+1 location",Not Listed,PostedPosted 3 days ago,2022-07-26,"Experience with full stack development across software platforms, mobile apps, web services, APIs and UX.
Mentor other developers on the team or across teams.",https://www.indeed.com/rc/clk?jk=5f1e2d0e22c4fbc9&fccid=fe2d21eef233e94a&vjs=3
Entry Level Software (Java) Developer,Quintrix,"San Diego, CA",Not Listed,Hiring ongoing,2022-07-26,"Quintrix is looking for people eager to upskill into the competitive field of Java Full Stack development.
We are looking to train the right people to be highly…",https://www.indeed.com/company/Quintrix/jobs/Entry-Level-Software-Developer-15a88e20ad97baf5?fccid=448c6a409de61c4a&vjs=3
"Staff, Engineer",Qcom,"San Diego, CA 92154 (Otay Mesa area)",Estimated $117K - $148K a year,PostedPosted 30+ days ago,2022-07-26,"Five years of experience as a full-stack software developer.
Design and implementation of front-end and back-end software solutions for data science projects…",https://www.indeed.com/rc/clk?jk=623435c6f1d83e2f&fccid=3b2efd9b73849383&vjs=3
Software Engineer III: 22-02445,Akraya Inc.,"Remote in San Diego, CA 92129",Estimated $117K - $148K a year,PostedPosted 30+ days ago,2022-07-26,"Work closely with product and development teams to create an amazing user experience.
Work in an agile development environment with short sprints and stand-ups.",https://www.indeed.com/rc/clk?jk=d976eebce7ed546f&fccid=474b9602e1305593&vjs=3
Senior Full Stack Engineer - Mobile focus,atai,"Remote in San Diego, CA",Estimated $136K - $172K a year,PostedPosted 30+ days ago,2022-07-26,"This is a full-stack role and while it will be primarily front-end (mobile) focused, you will be expected to contribute to the server (nodeJS) codebase and…",https://www.indeed.com/rc/clk?jk=95c60af27fa917ea&fccid=e0e7070ce76fd405&vjs=3
Research Software Engineer,UC San Diego,"San Diego, CA 92093 (Torrey Pines area)",Not Listed,PostedPosted 30+ days ago,2022-07-26,The Research Software Engineer will act as a technical researcher with strong knowledge in the field of CyberInfrastructure encompassing full-stack development…,https://www.indeed.com/rc/clk?jk=55073385c455c13b&fccid=10b5a4abcc6bf067&vjs=3
Engineer|6117 Engineer|6117,eTeam Inc.,"San Diego, CA 92121",Estimated $101K - $127K a year,PostedPosted 30+ days ago,2022-07-26,The team is currently seeking candidates specifically for developing full stack applications that can be used to automate & scale SOC validation and integration…,https://www.indeed.com/rc/clk?jk=2a4dddd3d3b85cf7&fccid=b73278f10efdecc4&vjs=3
DevOps Engineer,Forward Slope Inc.,"San Diego, CA 92108 (Mission Valley East area)",Estimated $114K - $145K a year,PostedPosted 30+ days ago,2022-07-26,"This is a full-time position under our Enterprise Solutions portfolio.
Full-stack software development (i.e., Java, .
Flexible working hours based on job needs.",https://www.indeed.com/rc/clk?jk=70bd036719234601&fccid=be45ae6366b01674&vjs=3
Senior Software Development Engineer,Science Solutions LLC,"San Diego, CA+1 location",Not Listed,PostedPosted 3 days ago,2022-07-26,"Experience with full stack development across software platforms, mobile apps, web services, APIs and UX.
Mentor other developers on the team or across teams.",https://www.indeed.com/rc/clk?jk=5f1e2d0e22c4fbc9&fccid=fe2d21eef233e94a&vjs=3
Software Engineer,CSC (Corporation Service Company),"Remote in San Diego, CA 92108",Not Listed,PostedPosted 30+ days ago,2022-07-26,"Collaborate with and across agile teams to design, develop, test, implement, and support technical solutions in full-stack development tools and technologies.",https://www.indeed.com/rc/clk?jk=5cdf34ca92861ba4&fccid=d46b413c42e26024&vjs=3
Staff Software Engineer,MyCase,"Remote in San Diego, CA 92103",Estimated $129K - $164K a year,PostedPosted 30+ days ago,2022-07-26,"Develop, test, document and release full-stack, end-to-end features for MyCase's web application that supports over 12k customers and 35k users.",https://www.indeed.com/rc/clk?jk=9a782c824b92c539&fccid=78c5c43162e296ec&vjs=3
Software Development Engineer,Science Solutions LLC,"San Diego, CA+1 location",Not Listed,PostedPosted 30+ days ago,2022-07-26,"Experience with full stack development across software platforms, mobile apps, web services, APIs and UX.
Mentor other developers on the team or across teams.",https://www.indeed.com/rc/clk?jk=521134476b1e4d90&fccid=fe2d21eef233e94a&vjs=3
Software Engineer,Global Payments,"Remote in San Diego, CA 92121",Not Listed,PostedPosted 30+ days ago,2022-07-26,"Additionally, the Engineer will participate in the planning, designing and developing of new feature functionality for software applications per customer or…",https://www.indeed.com/rc/clk?jk=b6bcfaf088bb9feb&fccid=601d247dd15a77e6&vjs=3
Chief Software Engineer,SAIC,"San Diego, CA 92101 (Core-Columbia area)",Not Listed,PostedPosted 30+ days ago,2022-07-26,"Full stack software development (client and server side).
Minimum Clearance Required: TS/SCI.
Clearance Level Must Be Able to Obtain: TS/SCI.",https://www.indeed.com/rc/clk?jk=f5f703517706c1c7&fccid=f3b836e645f9b36d&vjs=3
Full Stack Application Developer,Stantec,"San Diego, CA 92123 (Serra Mesa area)+2 locations",Not Listed,PostedPosted 30+ days ago,2022-07-26,"The candidate will become a member of the Innovation Office, however, he or she will also be accessible to Stantec’s project teams to support project work as…",https://www.indeed.com/rc/clk?jk=7e833bb2bc036c08&fccid=f1582c464db8553b&vjs=3
DevSecOps Software Engineer,The MITRE Corporation,"San Diego, CA 92121 (Torrey Pines area)",Not Listed,PostedPosted 30+ days ago,2022-07-26,Crafting comprehensive solutions as a full stack developer involving frontend and backend applications and services.,https://www.indeed.com/rc/clk?jk=5ca449a60db03082&fccid=30bd8a58380c700b&vjs=3
Senior Software Engineer,Intuit,"San Diego, CA 92129 (Torrey Highlands area)+1 location",Estimated $123K - $156K a year,PostedPosted 30+ days ago,2022-07-26,Full stack engineer with expert knowledge of backend software development using Java Spring to expose and consume RESTful web services.,https://www.indeed.com/rc/clk?jk=c720027511badb20&fccid=9784ae78e9834539&vjs=3
SR. Software Engineer FULL STACK WEB3 ENGINEERING,Experfy Inc,"San Diego, CA",Estimated $106K - $134K a year,PostedPosted 30+ days ago,2022-07-26,"5+ years full stack engineering with JavaScript or other app dev stack.
As a Sr. Software Engineer , you will join highly skilled full stack engineers…",https://www.indeed.com/rc/clk?jk=3a3a7b160b575d84&fccid=19327ae379f6e1a2&vjs=3
Front-End Software Development Engineer,"ODME Solutions, LLC","San Diego, CA",Estimated $104K - $132K a year,PostedPosted 30+ days ago,2022-07-26,"Experience with full-stack development (Java, .
As a Front-End Software Development Engineer you will help with the User Experience (UX) and User Interface (UI)…",https://www.indeed.com/rc/clk?jk=afeb3ef272d57f34&fccid=6dd58350dea94610&vjs=3
Full Stack Engineer,Robin Healthcare,"San Diego, CA 92104",Estimated $107K - $135K a year,PostedPosted 30+ days ago,2022-07-26,"1+ years of startup software experience, meaning early stage, sub-15 engineers, where you got to bounce around and work on the full stack.",https://www.indeed.com/rc/clk?jk=60d342873f81cbe5&fccid=8735868c0318e1b0&vjs=3
Software Engineer II - AI,AppFolio,"San Diego, CA 92123+5 locations",Estimated $64.3K - $81.5K a year,PostedPosted 30+ days ago,2022-07-26,"Experience working across all levels of the development stack.
Develop scalable, robust, and simple web-based solutions to solve complex business problems.",https://www.indeed.com/rc/clk?jk=6080e912a9c2ec7b&fccid=1a5bf8d2e39d8e2e&vjs=3
"Staff, Engineer","225 Qualcomm Technologies, Inc.","San Diego, CA 92121",Estimated $95.7K - $121K a year,PostedPosted 30+ days ago,2022-07-26,"Five years of experience as a full-stack software developer.
Design and implementation of front-end and back-end software solutions for data science projects…",https://www.indeed.com/rc/clk?jk=798bd6d8a5020c04&fccid=dd616958bd9ddc12&vjs=3
Staff Software Engineer,ServiceNow,"San Diego, CA 92121 (University City area)",Estimated $144K - $182K a year,PostedPosted 27 days ago,2022-07-26,"Create tools, libraries, and frameworks for other developers to build upon.
We’re building a brand-new product that will revolutionize how enterprise app…",https://www.indeed.com/rc/clk?jk=c412303b78e1ef52&fccid=7442885bc0fa7c14&vjs=3
"Staff, Engineer","225 Qualcomm Technologies, Inc.","San Diego, CA 92121",Estimated $95.7K - $121K a year,PostedPosted 30+ days ago,2022-07-26,"Five years of experience as a full-stack software developer.
Design and implementation of front-end and back-end software solutions for data science projects…",https://www.indeed.com/rc/clk?jk=798bd6d8a5020c04&fccid=dd616958bd9ddc12&vjs=3
Software Engineer II - Kiosk Dev.,ecoATM Gazelle,"San Diego, CA 92121 (Sorrento Valley area)+1 location",Estimated $93.1K - $118K a year,PostedPosted 30+ days ago,2022-07-26,"You will be responsible for the design and implementation of new product features, adhering to and establishing release schedules, and for providing support to…",https://www.indeed.com/rc/clk?jk=5001c7b47449acee&fccid=63fef841fe035c8c&vjs=3
"Senior Associate, Software Engineering Java Full Stack",KPMG,"San Diego, CA 92121 (Core-Columbia area)+1 location",Estimated $87.2K - $110K a year,PostedPosted 26 days ago,2022-07-26,"Participate in IT Java development efforts for various client projects.
Develop, create and document technical specifications and designs that satisfy…",https://www.indeed.com/rc/clk?jk=8fbcd5486c8bc739&fccid=2dd390c3a48a7ed0&vjs=3
Senior Software Engineer (100% Remote-Clojure),CyberCoders,"Remote in San Diego, CA 92123+1 location",Not Listed,PostedJust posted,2022-07-26,"Full stack application development and ability to learn new technologies/programming languages.
Our team also works a lot with GraphQL APIs and looking for…",https://www.indeed.com/pagead/clk?mo=r&ad=-6NYlbfkN0CpFJQzrgRR8WqXWK1qKKEqALWJw739KlKqr2H-MSI4eoBlI4EFrmor2FYZMP3muM007RrdafLUGFvbcO_7mSauqSfbKYlDTkFf30rYPHpoCLfEU83M-t2T5xX1V9YjppxH5uHQ1rpBqlwtVei4o1AHxXtQIX-Qkql08gmosmdfK0rwax1fHV_zArF-nCXPE2mZnYyAnlNMFkLm5xJtdU0tFe0W3FdqoZwYMl5lp5Ve1Shv671r-rf7HInlZaLfnJ8t4SO0yUK-OlJH_2okstQdAsvMujR2BtMBBfCg0_zKV0gGbn-A1wOmEod7gsKO7B88k5l0mJti5quKgzsnRLou5dw7cWVjDtli82BWUVFZWJ9JnVHdchPKmpFr6e9vTwy4h66Mi0dGWJSmv1PaIO_T0up8imTGeeeVSTZKLPnDkrFL4MXgns9V1NPCxLoMFow1hh4SztupVgdSJSERSzdKtaNykTWg4DEVDjDnxdoF_AvtbSC2sO9u_5UUO9IOZyTjomPP2yPPIZR2nfzKD4U52nfH6cJktcANAVwtGS4qdiI1O5l0jr-Jd7kHjdfRUSahMsln6ARO4l8sWpHifrBkxCO36jllas4pQg6jQxFKd-7B4B6Uw6phbIZ7gSWkrtO2NTvazPsgMOYHQmlTAaeFxBOyBOEtnR48Yo9uK5bUy1huFaa4FOIg8NX1_RRr_LR8jnczHFgMRl5GdvpRVm5ostU0SdbFwgmV7p6ThQpAfMxvmXjGSvBSgdwgGsWtQier3ufL2XHPQ5nJP9mQjs4gGVFXSnhhuNJR8r_wfBtnwMqmSvpk-aOCdlB1Mw5HJaYPsFu9rywmH-4zVb88vGXffNkkIMc1GG5pSyvB3ucUDSeW3K9RZNww5793qU_ADQOB-K2CWkpQn3jbGLfo5gUeeZaDrSuUUWIZbAiqv5_dZ2is2r8VKk3Psc9iSGBH0THBcYmvmBCso65P5zvWg8kZn5uY5KZ5nxi1o7bMrHAB1SUaslzJtyJKv2HqkzWEIxTsjt8z7iRLNw==&xkcb=SoCA-_M3bepzCWAjR70KbzkdCdPP&p=3&fvj=0&vjs=3
Software Engineer II,Decision Sciences International Corporation,"Poway, CA 92064",Estimated $107K - $135K a year,PostedPosted 30+ days ago,2022-07-26,"Full-stack development, deployment and testing in both Linux and Windows environments using a variety of tools and frameworks such as VS, Unity, Razor/React,…",https://www.indeed.com/rc/clk?jk=f7f1f5acc05f50c7&fccid=0d574f9c3f71ab5f&vjs=3
Remote Software Development Engineer 1-2,Mitchell International,"Remote in San Diego, CA 92122",Estimated $93.6K - $119K a year,PostedPosted 14 days ago,2022-07-26,"3+ years working with a modern web UI technology stack.
Full Stack engineers will also have a focus on UI development with the React/Redux technology stack and…",https://www.indeed.com/rc/clk?jk=89f23580e1e89e37&fccid=2431bcc75b874651&vjs=3
Software Engineer III: 22-02445,Akraya Inc.,"Remote in San Diego, CA 92129",Estimated $117K - $148K a year,PostedPosted 30+ days ago,2022-07-26,"Work closely with product and development teams to create an amazing user experience.
Work in an agile development environment with short sprints and stand-ups.",https://www.indeed.com/rc/clk?jk=d976eebce7ed546f&fccid=474b9602e1305593&vjs=3
"Senior Software Engineer (.net core, Angular, Full Stack)",Aya Healthcare,"Remote in San Diego, CA",Not Listed,PostedPosted 13 days ago,2022-07-26,"NET developer to a growing and innovative organization and will play a key part in systems design, development, programming, consultation and support.",https://www.indeed.com/rc/clk?jk=99f8bf9b6a55c1d1&fccid=44675aa85ccbe6b3&vjs=3
"Staff, Engineer",Qcom,"San Diego, CA 92154 (Otay Mesa area)",Estimated $117K - $148K a year,PostedPosted 30+ days ago,2022-07-26,"Five years of experience as a full-stack software developer.
Design and implementation of front-end and back-end software solutions for data science projects…",https://www.indeed.com/rc/clk?jk=623435c6f1d83e2f&fccid=3b2efd9b73849383&vjs=3
Senior Software Engineer,ResMed,"San Diego, CA 92123 (Kearny Mesa area)",Estimated $112K - $141K a year,PostedPosted 30+ days ago,2022-07-26,"As an experienced Senior Software Engineer, you will be a full stack engineer supporting a feature scrum team.
Experience with Terraform is a plus.",https://www.indeed.com/rc/clk?jk=7b13832831511cd7&fccid=24a3456d3ce2ad08&vjs=3
Engineer|6117 Engineer|6117,eTeam Inc.,"San Diego, CA 92121",Estimated $101K - $127K a year,PostedPosted 30+ days ago,2022-07-26,The team is currently seeking candidates specifically for developing full stack applications that can be used to automate & scale SOC validation and integration…,https://www.indeed.com/rc/clk?jk=2a4dddd3d3b85cf7&fccid=b73278f10efdecc4&vjs=3
Lead Software Engineer,ResMed,"Remote in San Diego, CA 92123",Estimated $128K - $163K a year,PostedPosted 30+ days ago,2022-07-26,"As an experienced Lead Software Engineer, you will be a full stack engineer supporting a feature scrum team.
Focus on speed: and delivery, move swiftly through…",https://www.indeed.com/rc/clk?jk=6803f72800690061&fccid=24a3456d3ce2ad08&vjs=3
Staff Software Engineer - AI,AppFolio,"San Diego, CA 92123",Estimated $162K - $206K a year,PostedPosted 30+ days ago,2022-07-26,"Experience working across all levels of the development stack.
Develop scalable, robust, and simple web-based solutions to solve complex business problems.",https://www.indeed.com/rc/clk?jk=1d40752c1a1ff844&fccid=1a5bf8d2e39d8e2e&vjs=3
Principal Software Engineer - AI,AppFolio,"San Diego, CA 92123",Estimated $145K - $183K a year,PostedPosted 30+ days ago,2022-07-26,"Experience working across all levels of the development stack.
Develop scalable, robust, and simple web-based solutions to solve complex business problems.",https://www.indeed.com/rc/clk?jk=18f3609b756a5302&fccid=1a5bf8d2e39d8e2e&vjs=3
Full Stack Software Developer,"Positive Action, Inc.",United States,Not Listed,EmployerActive 8 days ago,2022-07-26,"We are using the latest technologies with clean sheet design, and we are currently recruiting for full stack developers to join our dedicated team.",https://www.indeed.com/pagead/clk?mo=r&ad=-6NYlbfkN0D6S-L0a0GxmM7EkCGLNbCWm82S00EG7ZFICQXVWdy6VkdzS3d99F-tO7O-aKEug6TlK8dwyu4p2HyGkIWchJUs0dRHjNtdfYaOcQKLxRJe4c5uPqxrqHbg3_kMnESu5HAFXa4ZqiwMd3pRV5gnSFIHs4jzab44rXp2Ko3sAUT1951TS9fQGrUhBun6XlnUX17BfJ4gnQFa21MBoAgqZRVEG86jbpuLkNZP781vlp4k0tjqwzbE---SiTy-DZKeJhPyEiBromumqrcwE8n2nMcghUCuMLrRYxdd_Cu5iq7cnq-9MsYLthKrMqXTNncPrUu3CKHk7k5922xIz_dquk_P04dZ5Z-VfL_z03FEFxadiA-orSAFlJYvavCv_A4vM8jjC3tY5dXIA7zEhQpBj3VZozWHBL1itHNBr3ZAo1aAYg4M_Jxican1qjB0UlS3ieYl8XDf0mvm3OomNkheI7A6SiD3lAlQVd_u9uP97uN4-82ql7pVLvk1OCLe9h_vus8=&xkcb=SoC4-_M3bepzCQAjR70KbzkdCdPP&p=14&fvj=1&vjs=3
Full Stack Developer - Sippd - Remote Office,"MORI Associates, Inc.",Remote in United States,Estimated $97.3K - $123K a year,PostedPosted 30+ days ago,2022-07-26,"Develop, test and deploy new features to power Sippd’s mobile application and online shopping solutions at scale.
Computer Science degree or equivalent.",https://www.indeed.com/pagead/clk?mo=r&ad=-6NYlbfkN0AtxNj9_uh8JmWQLi0uFLXEO_s5FYEVM5KBORspJZS-hlLo9qGwiJCU6pztw4nGyXesFd0ncowcBSR7qaLhz1qZyVxMtjY7P_6OIWxyQSZcl0ZHnN3xpbBK322rTZnVdhZ8NvDphvSgKoze8lxJi6Qe7Ud6_J34CWKORyFimCuLYKmrdhOp2sRM0vCZ9UfVHUcw6Qn24hedvcEsSDDegUdkFQXAQf7aAhHnC4X4goVwb78NMopvBy8h49_y-8jke6s58G4KSgm4uOBROzkoBdquS1_1B44Sp2UIwu8QAa3_O3eEJuVde4pc64xnMrNYZYXmps-VKxMSMQYXmf13ioyNDRFS485FL_uK0vhIWNRZzCVn2G0-NbrZAtqa3l4pDbT6dCA3pGeJ7wHsBzGMB5hcDU_nSZlMlasXK-ocYbxgL-cks-XmEG2EMUCM86lZmGfW8Apt5Ir0nemTuu7BoQ1XQJSbzp094ukGn4ldd9npYpTO9eO_Tq56BE3ipPpkVrjhi1y_B_mREVl5W8dhjGHrugcftkN_0v3j49g-H8KltkUTwEuJEGrT&xkcb=SoA0-_M3bepzPhRvcR0LbzkdCdPP&p=0&fvj=0&vjs=3
"Full Stack Developer, Digital Consulting","Baker Tilly US, LLP",United States,Estimated $106K - $135K a year,PostedPosted 30+ days ago,2022-07-26,"Baker Tilly’s Digital Consulting Practice combines deep functional, industry, and technical capabilities to help clients solve their toughest enterprise digital…",https://www.indeed.com/pagead/clk?mo=r&ad=-6NYlbfkN0CgYEtG2BFDP2O8D7U1E3zgFXpJEjQ239gl9ZWJoaMsqoGhPUj_2XSzTq6V2rRIF_284SI-VDKDrkioCwVvesEw-hcJFk5yaszxXxboEDm5tfdFi0L-x1WyR71D8b8-rB4PBXzVef6t3TmpRITwhIMyJSAZ24V68rpF6rAggUA7woy7GwuEDe0VTJNRCAGItApr3NGbwpRIyZabMxLnQZ7FtTriYOII8LUJOr-zuci79eoXoM3o4q3NOLTpUyUciLccCLuVXz7s18zwcvj3gCCaormmHdQUhtWHPsT6fY3cwsNkb450qhcqW-nnUylsEhIMzu0D9Yw3jVvywXhrmyF1rpWltkB2vvpbQsZHT_LeMxOdlo1Rxb6Wh9H33e2dqlRhZdtEPwOtGmCldtZjUW_uFHEJ1Hwyz1Cm5Jv8xwb-cgudYRAii2i-7oNX6-wxyX02Ikr7wcCVTUPuFzyIeUz9vesusd7ZRqMB4_5izHuiR0wxbiOFbN_mBguD-fWPjJBkobX-PEFYXoNCFxGQn5YEsRUyxHKJkwfArSB1DpUUGqdsc1oclIHhXwJHFQ1hza2L4eZsTQ0IjLkdZnyAYHzJtlORjn_IK7Nmqxp5lo7-ZjtExbY4wnMxCIM0jeqlFnSLiesx3PNEhV24uQeb0HcnqJ8XXWur2fH_3Cc2DNMWJlC0vjSru3bBtufmPhYYMfh__sVCC1hWgyJMx3e_9ZhD0EPMGPi1MECs4DN2-tE0uuPXjpB-H-6vaxruZ3Ao9TfmuoNsO9jxw7QjdNPuSFyX8_pDkNCEQZfnbcrJE5Y402rtTPv9NvcT70F4BheM6WCH-0TDEixwcw==&xkcb=SoAd-_M3bepzPhRvcR0JbzkdCdPP&p=1&fvj=0&vjs=3
